PrDSM	TraP	SilVA	PhD-SNPg	FATHMM-MKL	CADD	DANN	FATHMM-XF	priPhCons	mamPhCons	verPhCons	priPhyloP	mamPhyloP	verPhyloP	GerpS	TFBs	TE	dPSIZ	DSP	RSCU	dRSCU	CpG?	CpG_exon	SR-	SR+	FAS6-	FAS6+	MES	dMES	MES+	MES-	MEC-MC?	MEC-CS?	MES-KM?	PESE-	PESE+	PESS-	PESS+	f_premrna	f_mrna
0.106709990943	0.001	0.036	0.037	0.27930	10.22	0.6347474590965474	0.010502	0.841	0.997	0.983	0.486	0.428	-0.072	1.59	0	0.000554479074998208	-0.947	22	1.1005	0.1058	0	0.7495	0.0435	0.0435	0.0000	0.0000	na	na	na	na	0	0	0	0.0000	0.0000	na	na	0.0338	0.3779
0.00454463097555	0.003	0.002	0.016	0.00648	0.407	0.37480070930423404	0.005107	0.321	0.000	0.000	-0.155	-2.439	-2.389	-9.09	0	0.00274217218064621	nan	40	1.1064	0.6547	1	0.1532	0.0667	0.0345	0.0000	0.0000	na	na	na	na	0	0	0	0.0000	0.0625	na	na	0.0328	0.0985
0.0216240367644	0.023	0.034	0.023	0.00416	5.137	0.64778987403003763	0.005756	0.479	0.789	0.891	0.198	-2.643	-1.448	-8.01	1	0.000320863804815023	-3.065	9	1.1064	0.6547	1	0.7714	0.0000	0.2000	na	na	na	na	na	na	0	0	0	na	na	na	na	0.2852	0.3988
